{
    "name" : "COUNTER",
    "description" : "A module for count values",
    "submodules" : [
        {
            "tag" : "COUNTER_EXEC",
            "script" : "COUNTER_EXEC.wwm.js",
            "template" : {
                "name" : "Count executor",
                "tag" : "COUNTER_EXEC",
                "type" : "ANY",
                "status" : 0,
                "inputConnectors" : [
                    {
                        "x" : 11,
                        "y" : 11
                    }
                ],
                "inputParams" : [],
                "outputConnectors" : [
                    {
                        "x" : 11,
                        "y" : 11
                    }
                ],
                "outputParams" : [],
                "properties" : [
                    {
                        "nickname" : "Counter",
                        "name" : "_COUNT",
                        "type" : "NUMBER",
                        "value":"0",
                        "optional" : false
                    },
                    {
                        "nickname" : "Counter until",
                        "name" : "_COUNT_TO",
                        "type" : "NUMBER",
                        "value":"3",
                        "optional" : false
                    },
                    {
                        "name" : "_SHOW",
                        "type" : "ARRAY",
                        "value":"_COUNT_TO,_COUNT",
                        "optional" : false
                    }
                ]
            },
            "requires" : [],
            "libraries" : ["console"]
        }
    ]
}